uuid,email
1,"wefrgthyjuki,",,,,,
2,419ed0c2-7293-4a9b-8eca-862f3c9e242d,69f88e64-240c-4ad1-8cf4-a4b758fae5be,c426767f-574a-4cb9-b185-ff94570d7bc5,7cc74931-9bd2-44e3-8dae-0c685039dba6,ff22f68d-832e-46bd-b2a8-4641842857ee,8bbcaf40-4b0a-4102-8d15-f7be1a068551
3,c86db96a-3c3f-4e1d-b875-e3cef222aaed,59f71f92-5d68-4935-b28f-a9b75f057147,4923cb9d-b910-49c9-a1d5-b6e38a090a41,8ad8aab4-8f55-49a4-8fb3-52647615ef5a,fa585b6a-9070-4829-8863-eb313ab2974a,d6b18c68-3c8d-4d67-b3bc-4c5a256d97d1
4,86faa226-70ef-41e9-a627-1f8b29658b56,8efe0ffe-4b20-45f5-8a58-10c3e11435fb,c31722a4-09da-4d83-8b87-2e29294f9761,72b6f6dd-7cb6-41cb-86cd-7cfff1968514,a8cf1d4b-33dd-4270-b12f-414367fc5469,46ab05c0-1ded-4a9f-a65d-517048d9ae11
5,74d64ca5-741e-4c1f-8865-fbdc4687db35,8ae7da56-e53e-48f3-88d2-2988c538f8d1,8f095125-5f56-479b-b32b-9f4f436278d9,1cef8022-a853-4091-9611-be11e80d3343,bc207b5a-21cf-486a-bd67-b5f953f8de97,2a997eec-1f97-439f-b076-82819e4d667a
6,29aef88d-9f30-41aa-b319-594e52204029,7149a045-a0ba-48e2-a778-9a49e7e6480b,b3145984-6c98-46d1-a584-9500b360d496,3d2305f4-e1fd-4fad-b1db-bb29e2c1550d,f3544a31-c2c3-4d96-abde-06e33f114799,e35e0082-794c-4736-a1a0-a43b4079ccab
7,9eef381a-26f2-4456-abcb-439097457a94,a135a7c6-ac57-4da8-96c3-9785225050c3,efd38d0a-a431-4874-8d28-9cea7b7446c8,d1832346-1dc8-4d74-9d78-a3a0b8967599,32bfb995-f983-435e-8742-3daf1dd21ee8,92741ed1-ba4c-4ad2-9a48-14db1f4cfe8c
8,158add05-b1cd-401e-a3c3-25bf67f4b8a9,669eb9b8-776c-44f9-810d-061e3386701a,a31ae0be-535d-45dc-85b8-360d8ca18db0,00487335-7745-423f-8971-fde1db2eecb6,4cf3c4df-3012-4c63-b266-182a47fdfb8a,d1c5f63d-d0d6-441b-9db1-fccb59c4f852
9,5c42e46f-bdc6-4609-baf3-ed52541b48c8,b270beda-f990-4f5b-b534-4e5301eb5882,95d74d36-9cbc-4880-84db-6c3708f4b1b5,b76fa880-462b-4a4a-ba88-819c4f730671,ffaed344-3980-4c8e-82a8-59b575abdf84,69a729df-eff7-45c8-86ae-f4a6542b8d6e
10,06e67332-e9ba-440a-b3b7-f8507c4c001d,69456e16-c32d-45d4-9179-6cb4d4fc38c0,b70fd5b3-c749-47f8-9244-1509cace43cf,1b38518d-969a-4d3b-a8f0-dac871aa162f,013a7022-3ddd-42f0-9111-e15bd855bde5,663b817c-3a84-4871-a544-174695ebb999
11,dfd80f77-e8a5-4ca4-b17c-b601c2b6017c,a3453961-8783-4666-aefb-8031e1a80631,6d8da976-a7e4-403e-be04-b3b8a99160e0,80f0fb2a-7d8b-458c-9e7f-306f0bd5e930,4b7d6926-674a-439a-a18a-66524f000a7d,e0306e73-9242-4ba5-8b9b-68466b2a6153
12,95b809e5-09dd-4a5a-a968-efe42f5a1c7b,1895a506-9646-4363-ae1f-35ad4adc9731,90c8be07-d98b-4497-939e-dfecf82c7da4,72c18174-4771-4a1c-bc89-0a47fa920166,dee40f94-0ea4-47b9-8e02-0de33c2ea4da,cee4bc25-0e8a-40d3-8eb7-e17ed270b5d9
